id_cliente,edad,segmento_cliente,ciudad,canal_adquisicion,cliente_premium,uso_cupon,visitas_sitio,tiempo_sitio_min,compras_realizadas,ticket_promedio,monto_total,devoluciones,resena_score,dias_desde_ultima_compra,tasa_conversion
1001,46,Plata,La Serena,Instagram,Sí,No,29,20.65,5,35281.08,185050.97,1,5.0,0,0.172
1002,33,Bronce,La Serena,Email,No,No,10,15.35,3,18309.71,55866.28,0,,41,0.3
1003,38,Plata,Santiago,Google Ads,No,No,26,15.55,6,28472.79,193027.78,1,4.0,54,0.231
1004,67,Bronce,Puerto Montt,Instagram,No,Sí,24,12.0,5,18233.65,79332.66,2,4.0,46,0.208
1005,52,Premium,Rancagua,Orgánico,No,Sí,31,17.56,8,50541.62,413849.8,1,4.4,16,0.258
1006,30,Oro,Puerto Montt,Instagram,Sí,Sí,21,23.6,8,65649.86,525465.4,1,3.9,19,0.381
1007,53,Plata,Santiago,Google Ads,No,Sí,6,11.02,5,39652.17,221934.25,1,3.7,42,0.833
1008,51,Premium,Antofagasta,Instagram,No,Sí,39,19.13,5,42774.1,210028.26,0,4.6,33,0.128
1009,62,Bronce,Valparaíso,Google Ads,Sí,No,27,20.68,8,36285.86,259591.41,0,3.0,34,0.296
1010,28,Plata,Valparaíso,Google Ads,No,Sí,21,11.42,2,23905.51,39512.49,0,3.5,51,0.095
1011,63,Plata,Antofagasta,Email,No,Sí,17,9.92,6,29932.66,174048.45,2,3.3,32,0.353
1012,52,Plata,La Serena,Email,No,Sí,27,16.82,7,28669.67,190999.47,2,3.6,40,0.259
1013,56,Bronce,Concepción,Orgánico,No,Sí,4,9.07,2,15498.22,39111.32,0,3.3,77,0.5
1014,37,Bronce,Valparaíso,Google Ads,Sí,Sí,24,18.19,6,37865.08,194037.29,0,4.4,7,0.25
1015,62,Oro,Valparaíso,Orgánico,No,No,26,19.49,7,38016.74,272673.64,2,3.1,38,0.269
1016,32,Plata,Valparaíso,Instagram,No,Sí,27,18.4,9,33111.98,307447.73,2,3.4,23,0.333
1017,27,Plata,Concepción,Email,No,No,24,14.03,3,33721.39,98922.19,0,,33,0.125
1018,25,plata ,Puerto Montt,Google Ads,No,No,30,15.47,8,45374.67,350872.32,0,3.6,50,0.267
1019,23,Oro,Antofagasta,Instagram,No,Sí,35,22.59,7,39310.59,262772.96,0,4.4,10,0.2
1020,40,Bronce,Rancagua,Instagram,No,No,13,10.77,3,16751.53,27824.26,1,3.8,26,0.231
1021,24,Bronce,Concepción,Google Ads,No,Sí,22,11.97,3,27636.35,104696.59,1,2.7,68,0.136
1022,25,Plata,Valparaíso,Orgánico,No,No,18,11.88,2,22553.67,26391.33,0,3.7,21,0.111
1023,40,Plata,Valparaíso,Google Ads,No,No,28,19.12,6,31190.04,196685.4,0,4.4,28,0.214
1024,28,Oro,Santiago,Google Ads,Sí,No,34,26.52,8,72648.36,575323.56,1,4.2,0,0.235
1025,30,Plata,Temuco,Instagram,Sí,Sí,31,18.94,8,44673.63,356315.16,2,4.8,0,0.258
1026,21,Oro,Antofagasta,Referido,No,Sí,26,17.0,5,52487.48,266998.74,1,3.8,49,0.192
1027,66,Bronce,Puerto Montt,Email,No,Sí,22,22.83,6,27578.23,153824.85,1,3.6,33,0.273
1028,28,Bronce,Concepción,Orgánico,No,Sí,56,22.8,5,12812.58,250887.82,0,3.9,55,0.357
1029,39,Bronce,Antofagasta,Email,No,No,22,14.01,3,17605.27,55810.45,1,3.5,55,0.136
1030,47,Bronce,Antofagasta,Google Ads,No,Sí,18,4.46,3,20988.37,59224.66,1,3.3,66,0.167
1031,69,Oro,Concepción,Email,No,Sí,26,19.63,4,41974.66,169189.34,1,3.9,27,0.154
1032,50,Bronce,La Serena,Instagram,No,Sí,20,21.62,2,13094.2,40303.85,0,4.5,60,0.1
1033,51,Bronce,Puerto Montt,Google Ads,No,Sí,11,8.95,6,35079.0,222735.83,0,3.5,70,0.545
1034,29,Premium,Antofagasta,Google Ads,No,No,30,21.22,6,43239.94,269042.58,1,3.3,24,0.2
1035,22,Premium,Rancagua,Email,No,No,42,29.52,7,35326.63,253350.63,0,4.1,14,0.167
1036,45,Bronce,Antofagasta,Google Ads,Sí,Sí,15,14.43,8,29171.84,230401.59,0,4.8,27,0.533
1037,37,Oro,Valparaíso,Email,No,No,31,22.79,8,42895.77,362544.41,1,4.2,12,0.258
1038,40,Premium,Antofagasta,Google Ads,Sí,No,46,24.11,11,58806.85,637377.21,1,4.0,0,0.239
1039,49,Oro,Santiago,Google Ads,No,Sí,32,16.19,7,44770.51,325318.41,0,4.2,19,0.219
1040,36,Plata,Puerto Montt,Referido,No,Sí,28,13.2,3,26795.36,79344.39,0,4.1,16,0.107
1041,32,Plata,Antofagasta,Referido,No,No,25,19.84,4,26363.89,94746.9,0,4.4,17,0.16
1042,20,Oro,La Serena,Google Ads,Sí,No,45,35.7,11,46340.84,504959.6,2,3.2,46,0.244
1043,29,Bronce,Concepción,Referido,Sí,No,27,24.51,8,25871.08,210518.44,1,4.1,21,0.296
1044,51,Plata,Rancagua,Email,No,No,22,20.78,1,22340.58,7494.89,0,4.7,36,0.045
1045,34,Oro,Puerto Montt,Email,No,No,28,9.99,6,24188.4,131188.71,0,3.8,48,0.214
1046,18,premium,Puerto Montt,Orgánico,No,No,21,12.21,3,28835.74,78100.92,2,2.6,60,0.143
1047,53,Bronce,La Serena,Referido,No,No,10,16.92,2,9594.27,0.0,0,3.8,51,0.2
1048,62,Plata,Valparaíso,Google Ads,No,No,28,16.39,6,35236.13,232725.94,1,4.0,32,0.214
1049,40,Plata,Valparaíso,Email,Sí,No,35,22.75,8,41842.48,306983.37,0,4.5,45,0.229
1050,22,Bronce,Puerto Montt,Google Ads,No,Sí,25,14.73,7,32191.99,240681.07,0,4.1,40,0.28
1051,21,Oro,Valparaíso,Google Ads,No,No,32,15.05,8,33059.28,282999.01,0,4.6,23,0.25
1052,54,Oro,Rancagua,Google Ads,Sí,No,38,23.94,8,45708.52,353645.7,1,3.9,26,0.211
1053,52,Bronce,Puerto Montt,Instagram,No,No,14,4.94,1,24375.63,11468.28,0,3.6,67,0.071
1054,29,Bronce,La Serena,Orgánico,No,No,11,7.73,3,18773.31,60231.18,1,2.6,21,0.273
1055,63,Oro,Temuco,Google Ads,No,Sí,38,17.94,12,46806.94,555161.87,1,4.6,2,0.316
1056,20,Plata,Puerto Montt,Instagram,Sí,No,38,24.77,9,44143.72,389629.43,0,4.3,33,0.237
1057,47,Oro,Valparaíso,Google Ads,Sí,Sí,28,18.36,5,53367.13,267659.36,0,3.9,61,0.179
1058,40,Oro,Rancagua,Google Ads,No,No,21,11.86,3,44832.17,136780.0,0,4.0,29,0.143
1059,57,Premium,Antofagasta,Instagram,No,Sí,24,14.71,4,34501.04,134384.88,0,4.4,40,0.167
1060,45,Bronce,La Serena,Google Ads,No,No,24,22.86,7,19525.17,152719.58,0,3.8,60,0.292
1061,55,Bronce,Rancagua,Instagram,No,No,10,10.26,0,30713.88,16132.14,0,3.4,40,0.0
1062,59,Bronce,Concepción,Orgánico,No,No,18,5.3,0,24150.84,0.0,0,3.9,52,0.0
1063,63,Plata,Concepción,Instagram,No,Sí,18,8.39,6,40434.11,246452.78,1,4.4,28,0.333
1064,59,Plata,Puerto Montt,Email,No,No,25,5.83,5,30553.98,138634.28,1,4.6,4,0.2
1065,66,Premium,Valparaíso,Referido,No,No,32,24.85,11,38574.97,420192.67,1,3.7,9,0.344
1066,20,Oro,Santiago,Google Ads,No,No,38,21.28,5,35937.29,167643.41,0,3.9,43,0.132
1067,46,Premium,Concepción,Email,No,No,35,23.41,10,40601.94,390738.28,2,3.4,35,0.286
1068,56,Bronce,Temuco,Google Ads,No,Sí,23,19.33,5,20479.63,123416.47,1,3.2,41,0.217
1069,53,Bronce,La Serena,Referido,No,No,17,24.04,3,15690.18,47907.86,0,4.2,82,0.176
1070,32,Premium,Antofagasta,Email,No,No,39,20.14,6,54858.98,335352.93,1,3.6,22,0.154
1071,22,Plata,Puerto Montt,Google Ads,Sí,Sí,34,25.09,13,58235.6,753412.19,2,3.9,37,0.382
1072,27,Bronce,Valparaíso,Google Ads,No,Sí,16,4.7,1,7536.2,16125.0,0,3.8,59,0.062
1073,23,Bronce,La Serena,Email,No,No,21,19.32,7,20616.58,142919.45,1,3.5,32,0.333
1074,51,Bronce,Concepción,Orgánico,No,No,10,10.67,1,14283.73,19077.66,0,3.3,79,0.1
1075,59,Bronce,Temuco,Instagram,Sí,No,19,12.07,5,32080.03,162664.12,0,3.7,34,0.263
1076,53,Bronce,CONCEPCIÓN,Email,Sí,No,28,18.46,6,20138.19,97704.15,0,4.1,52,0.214
1077,23,Plata,Puerto Montt,Instagram,No,No,21,11.35,3,12905.81,53543.79,1,2.3,57,0.143
1078,55,Bronce,Valparaíso,Google Ads,No,Sí,14,14.71,5,14638.88,80766.2,0,4.5,33,0.357
1079,50,Oro,Antofagasta,Email,No,No,29,18.43,5,41042.85,203955.2,0,4.1,56,0.172
1080,31,Bronce,Concepción,Orgánico,No,No,20,20.42,4,29763.05,115622.66,0,3.2,84,0.2
1081,43,Bronce,Rancagua,Google Ads,No,No,26,10.26,5,22195.35,125795.93,0,3.8,50,0.192
1082,56,Oro,Concepción,Google Ads,Sí,Sí,36,18.49,6,47896.11,274373.34,0,4.2,44,0.167
1083,21,Oro,La Serena,Referido,No,Sí,35,27.22,10,41215.88,417400.27,1,3.6,37,0.286
1084,34,Plata,Rancagua,Orgánico,No,No,30,26.68,9,20067.02,194126.01,0,4.2,12,0.3
1085,35,Bronce,Antofagasta,Google Ads,Sí,No,24,15.06,6,31977.53,200882.29,0,5.0,23,0.25
1086,37,Bronce,Temuco,Email,No,No,15,11.22,3,15334.47,61617.18,0,5.0,47,0.2
1087,37,Premium,Rancagua,Referido,Sí,No,40,25.05,11,46300.98,513773.37,0,4.2,0,0.275
1088,45,Plata,Temuco,Instagram,Sí,Sí,34,26.73,13,42219.58,561882.79,2,4.3,24,0.382
1089,44,Oro,La Serena,Email,No,No,34,25.25,3,41452.16,112590.71,0,3.7,35,0.088
1090,26,Premium,Santiago,Referido,No,Sí,30,20.6,8,45366.97,368035.3,2,3.5,8,0.267
1091,58,Oro,Temuco,Orgánico,No,No,39,22.18,8,34657.07,281597.27,0,3.7,31,0.205
1092,49,Oro,Temuco,Email,No,No,30,21.75,6,27732.07,171689.52,0,4.0,38,0.2
1093,28,Oro,Rancagua,Referido,No,Sí,27,5.19,5,36230.56,179339.38,3,4.1,46,0.185
1094,32,Oro,La Serena,Referido,No,Sí,30,17.16,5,40114.14,214358.73,1,3.8,28,0.167
1095,68,Plata,Rancagua,Orgánico,No,No,21,13.53,5,36727.44,172024.62,0,3.8,39,0.238
1096,23,premium,Temuco,Instagram,No,No,22,16.2,6,20604.08,132481.73,0,3.2,47,0.273
1097,47,Bronce,Rancagua,google ads,No,No,28,18.92,7,36827.37,248890.95,0,3.8,26,0.25
1098,63,Bronce,Temuco,Instagram,No,No,12,18.78,6,25431.88,166283.96,0,4.4,43,0.5
1099,69,Bronce,Antofagasta,Instagram,Sí,No,35,22.43,11,24189.09,262665.27,0,4.0,0,0.314
1100,61,Bronce,La Serena,Google Ads,No,No,28,23.44,8,32555.04,231555.62,2,3.6,8,0.286
1101,19,Bronce,La Serena,Google Ads,No,No,13,12.24,4,24540.17,102694.88,0,3.0,84,0.308
1102,35,Plata,Temuco,Referido,Sí,No,19,19.3,6,39339.33,223364.38,2,4.6,15,0.316
1103,50,Plata,La Serena,Orgánico,No,No,19,9.6,0,38354.42,0.0,0,3.4,42,0.0
1104,64,Oro,Valparaíso,Google Ads,No,No,27,13.55,4,29428.06,113269.33,0,3.9,51,0.148
1105,30,Oro,Antofagasta,Email,No,Sí,34,26.88,9,45962.71,430739.78,1,4.3,11,0.265
1106,24,Plata,Santiago,Orgánico,No,No,29,9.73,6,19780.32,109943.33,0,3.8,49,0.207
1107,41,Plata,Antofagasta,Google Ads,No,No,18,13.2,3,21906.22,68222.96,1,3.9,47,0.167
1108,31,Premium,Concepción,Google Ads,No,Sí,46,26.49,9,35884.69,326240.22,2,4.2,18,0.196
1109,56,Bronce,Antofagasta,Orgánico,Sí,Sí,24,19.48,7,35859.74,243006.4,2,3.1,19,0.292
1110,45,Plata,Rancagua,Orgánico,No,Sí,27,6.82,4,24301.65,79517.32,0,3.3,52,0.148
1111,47,Plata,Temuco,Orgánico,Sí,No,36,28.16,11,38832.95,427306.01,1,5.0,14,0.306
1112,18,Oro,Puerto Montt,Orgánico,No,No,23,22.16,5,32828.62,163338.93,1,4.3,24,0.217
1113,23,Bronce,Concepción,Referido,No,Sí,15,1.0,1,22253.89,39428.39,0,3.2,74,0.067
1114,69,ORO,Antofagasta,Instagram,No,No,17,11.6,4,40226.42,171491.02,0,3.9,55,0.235
1115,70,Oro,Antofagasta,Referido,No,No,32,15.87,7,37775.03,269044.69,0,4.1,39,0.219
1116,59,Bronce,Santiago,Orgánico,Sí,No,27,18.64,9,28286.81,264744.17,2,4.0,20,0.333
1117,37,Plata,Rancagua,Email,No,No,17,14.71,4,15232.73,67601.12,1,4.3,2,0.235
1118,55,Plata,Concepción,Referido,No,No,17,10.58,3,37417.11,128713.43,0,3.8,58,0.176
1119,24,Bronce,Concepción,Orgánico,Sí,No,33,19.33,5,36225.42,193471.54,1,4.4,35,0.152
1120,52,Oro,La Serena,Google Ads,No,No,27,18.98,7,35988.95,245486.05,0,4.6,34,0.259
1121,56,Oro,Valparaíso,Orgánico,No,No,38,20.42,8,48165.71,384613.61,2,4.1,41,0.211
1122,70,Plata,Valparaíso,Instagram,No,Sí,34,22.48,12,27004.38,328817.99,0,4.4,0,0.353
1123,60,Plata,Temuco,Referido,Sí,No,24,21.18,6,39959.63,231364.42,0,4.6,3,0.25
1124,46,Plata,Rancagua,Instagram,Sí,Sí,33,27.84,8,47802.81,379206.42,2,4.3,11,0.242
1125,45,Bronce,La Serena,Instagram,Sí,Sí,33,20.09,8,53078.77,443889.1,0,3.9,30,0.242
1126,31,Premium,Temuco,Orgánico,No,Sí,49,28.15,9,48626.17,456173.07,1,4.5,0,0.184
1127,39,Oro,Santiago,Orgánico,No,No,29,22.8,7,27689.49,194642.04,1,,0,0.241
1128,26,Premium,Santiago,Orgánico,No,No,38,19.71,9,37003.21,327949.45,1,3.9,2,0.237
1129,63,Plata,Santiago,google ads,No,No,21,20.49,2,23088.77,53229.81,1,4.4,23,0.095
1130,58,Premium,La Serena,Referido,No,Sí,31,22.6,5,49518.73,236031.88,0,4.7,0,0.161
1131,62,Premium,Puerto Montt,Email,Sí,No,47,27.1,11,46381.35,511514.66,1,4.2,0,0.234
1132,61,Oro,Temuco,Orgánico,No,No,36,31.27,10,52291.16,527921.15,2,4.8,23,0.278
1133,39,Bronce,Concepción,Email,No,No,17,11.58,2,25149.06,53799.41,0,4.3,62,0.118
1134,21,Bronce,Concepción,Email,No,Sí,11,13.96,4,23386.41,90238.71,1,2.1,68,0.364
1135,49,Plata,CONCEPCIÓN,Referido,No,Sí,25,16.19,5,38139.83,192868.52,0,3.9,28,0.2
1136,59,Plata,Santiago,Referido,Sí,No,25,17.02,8,54689.34,457109.81,1,4.1,0,0.32
1137,46,Bronce,La Serena,Orgánico,No,Sí,16,11.2,2,17094.27,44467.45,0,3.7,30,0.125
1138,22,Bronce,Antofagasta,Orgánico,No,Sí,7,14.78,6,15471.02,96116.62,2,3.6,27,0.857
1139,43,Plata,La Serena,Instagram,No,Sí,33,14.14,5,29412.7,147112.58,0,3.5,33,0.152
1140,32,Plata,Antofagasta,Referido,No,No,45,26.75,7,22038.83,147538.67,0,3.9,39,0.156
1141,39,Plata,Santiago,Google Ads,No,Sí,25,15.1,6,41364.4,238602.44,0,3.4,53,0.24
1142,31,Bronce,La Serena,Orgánico,Sí,No,34,21.05,6,38640.12,238277.67,1,4.4,36,0.176
1143,44,Bronce,Santiago,Instagram,No,No,25,14.57,2,9613.32,25068.8,0,3.2,38,0.08
1144,49,Bronce,Puerto Montt,Referido,No,No,16,9.04,6,14095.33,102742.08,0,4.3,9,0.375
1145,61,Premium,Temuco,Instagram,Sí,Sí,44,28.54,11,76022.27,840613.05,1,4.2,0,0.25
1146,44,Oro,Temuco,Instagram,Sí,No,39,30.07,10,54918.42,516593.7,0,4.3,24,0.256
1147,22,Plata,Puerto Montt,Email,No,No,28,29.9,7,27452.62,208887.73,1,3.4,11,0.25
1148,20,Oro,Valparaíso,Email,No,Sí,33,23.23,5,39955.75,193168.11,1,3.7,45,0.152
1149,40,Bronce,Santiago,Orgánico,No,Sí,22,20.31,8,30263.04,247560.96,0,3.3,37,0.364
1150,18,Bronce,Rancagua,Orgánico,No,No,23,13.61,6,15718.61,70954.46,1,3.5,46,0.261
1151,33,Plata,Puerto Montt,Google Ads,No,No,17,15.96,3,24440.38,78504.67,1,3.7,61,0.176
1152,47,Bronce,Rancagua,Instagram,No,No,108,39.55,5,12895.2,260236.98,1,4.0,31,0.185
1153,55,Oro,La Serena,Email,No,Sí,29,10.09,4,36496.5,142240.69,2,3.3,52,0.138
1154,28,Bronce,Rancagua,Google Ads,No,No,9,1.94,2,16839.11,17225.85,0,4.1,70,0.222
1155,41,Bronce,La Serena,Referido,No,Sí,21,12.46,4,18419.37,88552.83,0,3.6,57,0.19
1156,19,plata ,Valparaíso,Email,No,No,30,18.03,9,40411.6,366980.73,1,3.9,6,0.3
1157,30,Bronce,Temuco,Referido,No,Sí,23,14.93,5,18510.37,94680.86,1,3.4,30,0.217
1158,24,Plata,Temuco,Orgánico,Sí,Sí,38,13.88,6,41334.29,260775.86,1,4.1,31,0.158
1159,44,Bronce,Concepción,Instagram,No,Sí,31,25.12,9,14495.76,132888.7,1,3.9,23,0.29
1160,20,Plata,Temuco,Referido,No,Sí,27,18.29,5,28864.14,142176.41,0,3.2,59,0.185
1161,34,Premium,Antofagasta,Email,Sí,No,46,26.38,8,54619.63,441223.29,0,4.2,12,0.174
1162,49,Bronce,Puerto Montt,Orgánico,No,No,22,17.67,3,23937.23,66609.52,0,4.0,21,0.136
1163,57,Plata,Santiago,Orgánico,Sí,No,36,19.45,11,45512.06,503948.95,3,3.3,0,0.306
1164,22,Oro,La Serena,Instagram,No,Sí,24,22.17,5,29728.46,140681.6,0,3.5,31,0.208
1165,33,Plata,Santiago,Instagram,No,No,21,12.53,4,32134.65,123508.43,0,3.9,14,0.19
1166,64,Premium,Santiago,Google Ads,No,No,23,21.57,7,55565.7,387974.58,0,4.2,5,0.304
1167,48,Bronce,Concepción,Instagram,No,No,20,13.53,7,12919.71,92610.96,0,4.0,40,0.35
1168,37,Oro,Santiago,Referido,No,No,30,22.39,8,37949.19,316764.7,3,3.7,0,0.267
1169,49,Oro,Puerto Montt,Orgánico,No,No,30,14.81,6,37135.1,217818.17,1,3.4,50,0.2
1170,31,Plata,Puerto Montt,Google Ads,No,Sí,20,11.75,6,39916.14,228861.5,1,4.1,21,0.3
1171,35,Plata,Temuco,Instagram,No,No,28,16.54,6,43999.48,256515.99,1,3.7,32,0.214
1172,30,ORO,Concepción,Google Ads,No,Sí,19,12.14,2,16304.37,39171.07,1,3.3,88,0.105
1173,22,Bronce,Valparaíso,Email,Sí,No,32,22.84,5,32610.9,141793.7,0,4.4,12,0.156
1174,59,Premium,Santiago,Google Ads,No,No,44,17.08,8,50068.72,417758.61,1,4.6,21,0.182
1175,46,Bronce,Antofagasta,Google Ads,No,No,23,11.69,0,16177.79,2988.27,0,4.3,92,0.0
1176,65,Plata,Santiago,Google Ads,No,No,25,23.03,9,33898.91,313240.77,1,4.0,46,0.36
1177,58,Bronce,Valparaíso,Email,No,No,13,10.31,1,8824.55,21029.4,0,2.6,82,0.077
1178,51,Premium,Antofagasta,Google Ads,No,No,40,27.53,5,49948.92,244479.16,1,4.3,25,0.125
1179,39,Oro,Puerto Montt,Email,Sí,Sí,38,21.75,7,53390.69,365379.7,0,4.5,30,0.184
1180,67,Bronce,Santiago,Referido,No,No,17,7.91,4,8311.53,35140.36,1,3.8,12,0.235
1181,57,Plata,Concepción,Orgánico,Sí,Sí,35,25.8,7,54077.06,378697.05,1,4.6,0,0.2
1182,23,Bronce,Rancagua,Orgánico,No,No,22,6.34,8,16555.61,125079.12,0,4.5,10,0.364
1183,60,Premium,La Serena,Instagram,No,Sí,31,25.89,11,47437.64,511838.77,1,3.5,18,0.355
1184,51,Bronce,Temuco,Orgánico,No,No,15,9.98,2,17011.92,45862.38,0,3.9,29,0.133
1185,49,Oro,Antofagasta,Referido,Sí,Sí,50,32.19,12,53223.14,635667.11,0,4.0,0,0.24
1186,67,Bronce,Concepción,Orgánico,Sí,Sí,34,15.49,6,30422.81,157416.29,1,,60,0.176
1187,29,Plata,Concepción,Instagram,No,No,16,12.21,2,37207.9,43671.39,0,4.1,56,0.125
1188,33,Oro,Rancagua,Google Ads,No,Sí,36,20.55,6,35064.95,201617.81,1,4.1,23,0.167
1189,69,Bronce,Santiago,Orgánico,Sí,Sí,24,15.58,7,24380.44,175973.81,0,3.8,22,0.292
1190,34,Oro,Temuco,organico,No,No,32,8.66,3,31554.63,86460.87,1,3.6,59,0.094
1191,40,Oro,Santiago,Email,No,No,24,13.89,6,37994.77,223375.24,0,4.0,42,0.25
1192,68,Bronce,Concepción,Email,Sí,No,34,24.13,5,35677.97,178310.88,2,3.9,36,0.147
1193,67,Oro,Puerto Montt,Google Ads,Sí,No,35,23.58,7,50342.19,331397.0,1,3.7,22,0.2
1194,25,Plata,Rancagua,Google Ads,Sí,No,32,26.95,7,38879.39,286072.89,0,3.9,44,0.219
1195,52,Premium,La Serena,Google Ads,No,No,30,20.16,4,46604.29,193995.72,0,4.1,26,0.133
1196,65,Bronce,Temuco,Referido,Sí,No,28,11.76,6,35299.27,225411.24,0,4.0,12,0.214
1197,20,Bronce,Puerto Montt,Orgánico,No,No,17,13.84,8,16916.78,127246.89,0,4.1,19,0.471
1198,30,Premium,Concepción,Instagram,No,No,36,14.21,6,43233.65,265116.04,0,4.0,25,0.167
1199,38,Bronce,Antofagasta,Orgánico,Sí,No,20,19.46,8,41899.15,319113.71,0,4.4,25,0.4
1200,63,Plata,Antofagasta,Google Ads,Sí,No,28,21.86,9,45835.41,416261.45,0,4.1,2,0.321
1201,59,Bronce,Concepción,Google Ads,Sí,Sí,31,24.61,8,26582.89,200187.37,0,4.1,31,0.258
1202,20,Plata,Concepción,Referido,No,Sí,9,1.01,2,21251.23,23691.23,0,3.8,32,0.222
1203,38,Plata,Temuco,Referido,No,No,29,19.0,4,29365.7,115918.11,0,2.6,85,0.138
1204,29,Plata,,Google Ads,No,No,18,11.2,0,33792.59,0.0,0,4.1,46,0.0
1205,66,Plata,Antofagasta,Instagram,No,No,16,14.76,2,40447.12,85625.3,1,3.5,70,0.125
1206,34,Oro,Puerto Montt,Instagram,No,No,47,20.56,4,32083.12,131703.82,1,4.0,47,0.085
1207,70,Oro,Santiago,Instagram,No,No,28,11.5,6,40632.24,252611.24,2,3.8,20,0.214
1208,23,Plata,Concepción,Google Ads,No,No,22,,4,25587.45,88009.78,0,4.2,39,0.182
1209,66,Premium,Antofagasta,Google Ads,No,Sí,37,21.85,6,53283.34,319947.98,2,3.2,32,0.162
1210,18,Oro,Valparaíso,Referido,Sí,No,37,24.14,9,45077.02,423829.57,0,4.9,8,0.243
1211,32,Bronce,Temuco,Orgánico,No,Sí,18,9.11,3,11327.04,45953.78,0,4.2,68,0.167
1212,24,Bronce,Valparaíso,Google Ads,Sí,No,16,,3,36979.58,111882.89,0,4.2,45,0.188
1213,32,Bronce,Antofagasta,Instagram,No,No,23,16.72,5,17836.79,86339.0,0,4.0,55,0.217
1214,34,Oro,Puerto Montt,Email,No,Sí,26,19.18,3,41854.09,130387.6,0,4.3,28,0.115
1215,60,Bronce,Puerto Montt,Instagram,No,No,15,12.63,3,4000.0,8189.03,0,4.0,27,0.2
1216,61,Plata,Concepción,Orgánico,No,Sí,25,18.86,5,28454.64,131603.38,1,3.8,66,0.2
1217,65,Bronce,Valparaíso,Instagram,Sí,No,28,11.38,7,27500.65,195750.43,1,4.1,16,0.25
1218,36,Bronce,santiago,Google Ads,Sí,Sí,18,19.13,3,40709.39,130164.97,0,3.6,44,0.167
1219,41,Plata,La Serena,Google Ads,No,No,28,14.63,6,13718.11,80936.92,1,4.8,36,0.214
1220,70,Premium,Temuco,Orgánico,No,Sí,36,17.4,5,44151.84,222011.64,1,3.8,29,0.139
1221,62,Oro,,Orgánico,No,No,29,14.36,3,33783.49,113817.39,0,4.1,46,0.103
1222,33,Premium,Concepción,Orgánico,No,Sí,34,21.27,9,47223.94,431548.79,1,3.7,35,0.265
1223,55,Premium,La Serena,Orgánico,No,No,44,25.58,8,51192.37,414432.63,1,4.1,0,0.182
1224,56,Oro,Temuco,Google Ads,No,No,18,14.79,5,42340.22,211998.95,1,3.8,40,0.278
1225,20,Bronce,Valparaíso,Referido,No,Sí,10,2.9,1,15561.44,0.0,0,3.5,63,0.1
1226,32,Plata,Concepción,Orgánico,No,No,30,20.57,4,20695.72,107254.89,0,3.4,32,0.133
1227,54,Oro,Puerto Montt,Email,Sí,Sí,47,24.79,11,48773.68,532569.34,0,4.7,3,0.234
1228,41,Plata,Temuco,Orgánico,No,No,38,29.64,7,20010.88,151174.35,1,4.5,8,0.184
1229,37,Bronce,Puerto Montt,Google Ads,No,No,14,21.92,5,19081.59,75908.21,0,3.2,57,0.357
1230,53,Bronce,Rancagua,Orgánico,No,No,14,17.23,5,5940.38,27098.18,1,3.7,43,0.357
1231,25,Bronce,Temuco,Orgánico,No,No,24,17.32,3,10898.63,29905.54,0,4.9,36,0.125
1232,69,Bronce,Concepción,Instagram,No,No,11,15.65,6,22258.32,118837.32,1,3.4,23,0.545
1233,25,Premium,Temuco,Instagram,Sí,No,49,27.84,10,50314.75,487729.21,0,4.3,10,0.204
1234,49,Oro,La Serena,Google Ads,Sí,No,39,17.74,7,43496.54,305753.78,1,4.5,49,0.179
1235,36,Bronce,Antofagasta,Instagram,Sí,No,31,31.38,7,24881.57,165116.56,0,4.5,26,0.226
1236,56,Oro,Antofagasta,Referido,No,No,31,21.01,8,40080.16,339938.45,0,4.5,30,0.258
1237,54,Oro,Temuco,Referido,No,Sí,33,17.31,7,40110.92,288539.91,1,4.2,36,0.212
1238,44,Plata,La Serena,Email,No,No,13,7.71,4,34007.65,124093.03,0,4.9,24,0.308
1239,53,Plata,Temuco,Orgánico,No,No,29,15.58,3,28368.83,80685.83,0,3.4,22,0.103
1240,53,Premium,Puerto Montt,Instagram,Sí,No,46,30.12,14,56814.07,783951.78,1,4.9,0,0.304
1241,53,Plata,Temuco,Orgánico,No,No,24,12.05,1,25421.39,22795.24,0,4.0,51,0.042
1242,38,Plata,Santiago,Orgánico,No,No,19,14.29,6,14396.37,104549.69,0,4.5,30,0.316
1243,47,Bronce,Valparaíso ,Email,Sí,No,30,20.93,7,45681.38,317563.75,0,3.8,33,0.233
1244,66,Oro,La Serena,Google Ads,No,Sí,25,14.71,4,37827.04,146240.66,0,3.7,56,0.16
1245,19,Bronce,Santiago,Instagram,No,Sí,14,7.37,4,23506.58,92556.81,0,2.9,73,0.286
1246,65,Premium,Santiago,Orgánico,No,No,34,21.13,9,39922.25,336015.03,0,3.6,16,0.265
1247,53,Plata,Concepción,Orgánico,No,Sí,32,11.36,5,33578.14,163010.44,0,3.6,55,0.156
1248,48,Plata,La Serena,Google Ads,No,No,28,18.62,7,27127.2,197568.75,1,3.8,41,0.25
1249,39,Premium,Puerto Montt,Orgánico,No,Sí,36,25.24,12,41694.1,472307.63,1,4.3,7,0.333
1250,34,Premium,Rancagua,Google Ads,No,Sí,40,24.28,9,46498.07,404564.25,0,4.2,15,0.225
1251,59,Oro,Antofagasta,Orgánico,No,No,34,18.79,7,37846.38,260373.76,2,4.0,38,0.206
1252,60,Bronce,Puerto Montt,Google Ads,No,Sí,11,3.88,5,30854.24,124305.69,1,3.6,28,0.455
1253,70,Oro,Valparaíso,Instagram,No,Sí,33,25.6,11,46536.15,515871.51,0,4.3,22,0.333
1254,61,Oro,Antofagasta,Referido,Sí,Sí,41,20.76,10,59746.54,607533.22,0,4.6,15,0.244
1255,39,Plata,Temuco,Referido,Sí,Sí,33,19.17,8,50232.63,417926.51,0,3.6,35,0.242
1256,56,Plata,La Serena,Instagram,No,No,23,14.11,4,29129.05,92031.55,0,3.9,49,0.174
1257,22,Bronce,La Serena,Google Ads,No,Sí,13,1.0,0,14358.65,0.0,0,4.1,37,0.0
1258,48,Premium,Santiago,Orgánico,No,Sí,31,18.78,8,46731.31,377879.01,2,4.2,9,0.258
1259,51,Bronce,Concepción,Orgánico,No,No,23,1.0,2,12350.29,16242.83,0,3.5,46,0.087
1260,43,Plata,Valparaíso,Orgánico,No,No,17,14.93,6,21924.44,141503.4,1,4.7,26,0.353
1261,51,Bronce,La Serena,Orgánico,No,No,27,7.99,5,10773.5,50619.66,1,3.8,30,0.185
1262,61,Bronce,Temuco,Instagram,Sí,No,29,21.48,10,31643.15,328840.45,1,4.0,32,0.345
1263,41,Plata,Valparaíso,Orgánico,No,No,26,10.94,4,9473.83,38065.97,1,4.5,30,0.154
1264,57,Plata,Rancagua,Orgánico,No,Sí,21,11.84,3,21246.59,63533.11,0,4.1,64,0.143
1265,36,Plata,Puerto Montt,Email,No,Sí,29,20.64,5,22064.63,107041.81,0,4.8,63,0.172
1266,58,Oro,Puerto Montt,Google Ads,No,Sí,32,19.58,7,35922.06,263570.33,0,4.4,0,0.219
1267,56,Oro,La Serena,Orgánico,No,No,37,26.75,10,34239.71,344129.14,1,4.4,12,0.27
1268,19,Premium,La Serena,Orgánico,No,No,42,21.86,9,56383.05,497392.21,0,4.3,7,0.214
1269,39,Bronce,Santiago,Instagram,Sí,Sí,23,15.62,7,28904.41,191374.78,0,4.0,6,0.304
1270,22,Oro,Concepción,Google Ads,No,No,31,15.36,10,37558.35,394182.32,1,3.8,35,0.323
1271,26,Oro,Valparaíso,Instagram,No,No,43,24.67,8,43346.92,351617.1,1,4.4,31,0.186
1272,53,Plata,Rancagua,Email,No,Sí,22,10.88,2,31618.47,80147.71,0,4.1,37,0.091
1273,21,Oro,Concepción,Referido,No,No,36,22.31,8,49377.21,388408.85,2,4.0,43,0.222
1274,52,Premium,Santiago,Instagram,Sí,No,54,34.11,11,61833.01,680447.46,1,4.2,0,0.204
1275,58,Bronce,Antofagasta,Orgánico,Sí,Sí,21,12.48,2,41073.06,76445.92,0,3.9,40,0.095
1276,49,Bronce,Rancagua,Orgánico,No,No,17,12.1,6,22566.35,160799.59,2,4.9,41,0.353
1277,61,Bronce,Valparaíso,Google Ads,No,No,19,14.61,8,4848.97,23336.68,1,4.0,23,0.421
1278,34,Bronce,La Serena,Orgánico,Sí,No,27,14.15,8,23550.33,184404.8,0,4.7,4,0.296
1279,70,Plata,Puerto Montt,Orgánico,Sí,No,29,14.8,4,44198.6,201302.47,0,4.0,43,0.138
1280,47,Premium,La Serena,Email,No,No,28,20.15,10,23547.61,225956.86,0,4.3,10,0.357
1281,64,Plata,Santiago,Orgánico,No,No,28,12.17,3,26792.31,95294.81,0,4.0,33,0.107
1282,47,Plata,Puerto Montt,Referido,No,No,33,11.22,4,31044.83,139657.13,1,4.5,16,0.121
1283,25,Premium,Valparaíso,Instagram,Sí,No,56,29.48,11,64039.37,711948.69,2,4.0,23,0.196
1284,35,Bronce,Puerto Montt,Google Ads,Sí,Sí,22,19.27,7,25606.68,162187.98,1,,43,0.318
1285,59,Oro,La Serena,Email,No,Sí,32,17.15,10,37508.27,378451.23,0,4.1,13,0.312
1286,25,Plata,Rancagua,Orgánico,Sí,No,39,23.73,7,45528.69,314284.89,2,4.5,3,0.179
1287,46,Plata,La Serena,Google Ads,No,No,30,3.36,6,16795.22,104379.62,0,3.5,6,0.2
1288,44,Plata,Puerto Montt,Instagram,No,No,23,14.4,6,24297.25,152638.43,1,4.4,30,0.261
1289,25,Oro,La Serena,Orgánico,No,No,29,15.72,7,25008.53,177828.99,1,4.1,6,0.241
1290,30,Oro,Puerto Montt,Orgánico,No,Sí,39,18.3,4,42423.8,156063.16,1,3.3,13,0.103
1291,66,Plata,Puerto Montt,Orgánico,No,Sí,24,20.95,5,31345.55,127802.87,0,3.8,21,0.208
1292,65,Bronce,Temuco,Referido,Sí,No,30,16.64,9,32416.4,294212.02,0,5.0,21,0.3
1293,41,Premium,Antofagasta,Instagram,Sí,No,53,27.46,8,57682.65,459728.52,0,4.0,24,0.151
1294,64,Bronce,Antofagasta,Google Ads,No,No,25,15.16,8,4485.38,24347.63,0,3.9,42,0.32
1295,41,Bronce,Puerto Montt,Orgánico,No,No,16,11.96,0,18219.31,0.0,0,3.3,57,0.0
1296,24,Plata,La Serena,Referido,No,Sí,15,14.74,6,24115.33,133944.04,0,4.0,69,0.4
1297,18,Plata,Puerto Montt,Referido,No,No,27,19.64,6,22864.05,131619.08,0,,7,0.222
1298,38,Bronce,Antofagasta,Orgánico,Sí,Sí,20,14.01,5,30740.71,145247.05,1,4.2,46,0.25
1299,50,Bronce,La Serena,Email,Sí,Sí,9,12.72,8,29742.66,205589.22,2,4.2,40,0.889
1300,34,Premium,Santiago,Google Ads,No,No,39,17.28,9,54817.28,488457.0,0,4.2,0,0.231
1301,36,Plata,Santiago,Orgánico,Sí,No,44,21.17,7,36529.83,263759.89,0,4.1,36,0.159
1302,68,Plata,Valparaíso,Google Ads,No,No,21,13.5,2,20377.94,30550.15,0,3.9,77,0.095
1303,60,Oro,Rancagua,Google Ads,No,Sí,38,26.24,6,38355.91,227198.43,1,4.0,33,0.158
1304,55,Plata,Rancagua,Instagram,No,Sí,28,18.59,5,37121.73,199994.67,2,3.3,35,0.179
1305,21,Premium,Temuco,Instagram,Sí,No,58,40.74,15,51817.44,760164.93,1,5.0,0,0.259
1306,41,Oro,Rancagua,Instagram,No,No,26,17.98,5,26121.59,119663.04,1,3.5,24,0.192
1307,29,Oro,La Serena,Orgánico,No,Sí,24,11.97,3,31249.54,101565.14,0,4.5,44,0.125
1308,44,Plata,Rancagua,Referido,No,No,26,14.38,3,26523.24,73493.65,1,3.0,52,0.115
1309,41,Bronce,Rancagua,Instagram,No,Sí,14,11.08,5,10573.11,35076.79,0,3.8,7,0.357
1310,68,Bronce,Rancagua,Orgánico,No,No,22,13.28,5,14562.66,80880.81,0,4.1,35,0.227
1311,53,Bronce,Temuco,Orgánico,No,Sí,18,10.88,7,23478.86,173767.29,0,4.3,33,0.389
1312,57,Plata,Antofagasta,Orgánico,No,Sí,24,14.24,5,30262.41,147951.98,0,3.9,49,0.208
1313,55,Bronce,Antofagasta,Google Ads,No,No,26,17.91,7,13925.64,108495.93,2,4.7,9,0.269
1314,58,Bronce,Antofagasta,Instagram,No,Sí,19,16.5,5,32563.49,152448.51,1,3.3,32,0.263
1315,24,Bronce,La Serena,Instagram,No,No,27,13.1,4,15661.3,108974.45,0,4.3,32,0.148
1316,33,Plata,Rancagua,Email,No,Sí,21,10.42,6,33365.06,201099.04,0,3.7,38,0.286
1317,65,Plata,Rancagua,Orgánico,Sí,No,33,20.52,5,45296.78,222808.24,1,3.7,7,0.152
1318,36,Oro,Antofagasta,Google Ads,No,No,26,7.0,2,38186.86,62537.1,1,4.4,72,0.077
1319,48,Oro,Concepción,Instagram,No,No,128,37.8,3,50839.29,684018.0,0,3.2,72,0.094
1320,52,Oro,Puerto Montt,Email,Sí,Sí,42,22.51,10,57838.0,573790.72,1,4.8,0,0.238
1321,54,Bronce,Rancagua,Orgánico,No,Sí,28,15.09,5,15973.84,79111.92,1,5.0,29,0.179
1322,47,Bronce,,Instagram,No,No,14,14.47,4,16972.88,63326.4,1,3.7,21,0.286
1323,63,Oro,Antofagasta,Instagram,No,No,33,16.67,8,30159.32,265992.54,1,3.5,18,0.242
1324,39,Oro,Puerto Montt,Orgánico,No,No,38,18.04,7,30911.52,234632.18,2,,53,0.184
1325,35,Bronce,Temuco,Referido,No,No,22,17.94,5,20087.99,102467.48,1,3.2,33,0.227
1326,54,Bronce,Valparaíso,Orgánico,No,Sí,9,12.95,5,13411.22,52960.88,0,3.7,48,0.556
1327,36,Plata,Temuco,Orgánico,No,No,23,6.06,2,32235.38,77961.01,1,3.3,69,0.087
1328,47,Plata,La Serena,Orgánico,No,No,34,23.41,10,31633.75,332563.87,1,3.9,31,0.294
1329,25,Bronce,Valparaíso,Orgánico,Sí,No,26,20.91,7,26693.95,180858.33,1,3.8,13,0.269
1330,68,Bronce,Antofagasta,Instagram,No,Sí,17,6.05,4,24541.41,102195.56,1,3.3,37,0.235
1331,32,Premium,Puerto Montt,Instagram,No,Sí,37,20.13,6,42743.81,265788.72,1,,21,0.162
1332,34,Oro,Puerto Montt,Instagram,Sí,Sí,42,23.05,4,59906.35,259060.96,1,4.0,26,0.095
1333,45,Bronce,Concepción,Orgánico,No,Sí,19,5.75,7,26157.46,208859.58,2,3.6,37,0.368
1334,65,Plata,Antofagasta,Google Ads,Sí,Sí,26,24.87,9,42719.27,388714.05,0,4.1,24,0.346
1335,30,Plata,Concepción,Orgánico,No,Sí,31,17.95,5,39835.39,204389.79,0,3.9,59,0.161
1336,60,Plata,La Serena,Orgánico,No,No,23,18.46,5,21188.09,115247.38,2,2.3,44,0.217
1337,49,Bronce,Antofagasta,Google Ads,No,No,20,18.42,5,21859.18,112035.71,0,4.7,74,0.25
1338,57,Plata,Puerto Montt,Google Ads,No,No,30,22.54,4,30542.95,141660.16,1,4.1,7,0.133
1339,39,Plata,Rancagua,Google Ads,No,No,25,21.78,7,41037.44,277803.24,1,3.3,30,0.28
1340,36,Oro,Valparaíso,Instagram,Sí,No,44,27.32,10,51518.49,513331.85,1,4.5,0,0.227
1341,64,Oro,,Orgánico,No,No,100,42.02,3,35463.24,486294.52,0,4.0,33,0.12
1342,62,Plata,Valparaíso,Instagram,No,No,25,12.08,7,39453.9,275299.28,1,4.1,17,0.28
1343,46,Premium,Valparaíso,Instagram,No,Sí,32,12.02,5,52691.69,276193.01,1,5.0,8,0.156
1344,39,Oro,Concepción,Referido,No,Sí,27,13.07,5,46234.81,220414.45,0,4.1,19,0.185
1345,51,Bronce,La Serena,Orgánico,No,No,18,16.94,2,14621.25,26321.41,0,3.8,39,0.111
1346,52,Oro,Puerto Montt,Instagram,No,Sí,27,18.46,6,31440.91,192996.84,1,4.2,87,0.222
1347,23,Bronce,,Referido,No,Sí,18,11.35,2,18783.62,42588.64,0,3.8,38,0.111
1348,69,Bronce,Valparaíso,Google Ads,No,Sí,8,13.66,2,14470.93,35864.7,0,2.9,66,0.25
1349,40,Bronce,Temuco,Email,No,No,22,16.14,4,28940.93,111829.08,0,4.3,43,0.182
1350,68,Oro,Puerto Montt,Google Ads,No,Sí,26,20.54,7,39872.49,269666.88,0,3.7,17,0.269
1351,58,Plata,Puerto Montt,Instagram,No,Sí,21,21.63,6,30124.96,173459.54,0,3.1,15,0.286
1352,62,Bronce,Concepción,Orgánico,No,Sí,20,13.83,6,17593.97,107481.34,0,3.8,33,0.3
1353,27,Oro,Santiago,Email,No,Sí,20,11.02,6,33353.84,210930.7,0,4.5,19,0.3
1354,68,Premium,Valparaíso,Instagram,No,Sí,41,13.38,7,60346.03,422104.0,0,3.8,34,0.171
1355,45,Oro,Rancagua,Google Ads,No,No,32,20.71,5,41355.5,208761.61,0,3.6,45,0.156
1356,54,Bronce,Valparaíso,Google Ads,No,No,13,5.85,3,23116.53,72962.56,0,3.2,92,0.231
1357,42,Bronce,Temuco,Orgánico,No,No,11,2.62,2,23154.38,51236.82,0,3.8,40,0.182
1358,20,Plata,Antofagasta,Instagram,No,No,28,15.21,6,20456.09,135354.29,0,3.3,67,0.214
1359,43,Bronce,Valparaíso ,Google Ads,No,No,22,12.6,5,18476.49,104087.22,0,3.3,52,0.227
1360,51,Premium,Concepción,Referido,Sí,No,47,28.48,9,49260.43,447444.05,0,4.6,24,0.191
1361,58,Oro,Valparaíso,Instagram,No,No,41,25.56,9,38314.15,351962.68,3,3.7,32,0.22
1362,23,Oro,Temuco,Google Ads,No,No,21,11.75,5,26740.04,139603.24,0,3.7,52,0.238
1363,34,Oro,Antofagasta,Referido,Sí,Sí,43,27.02,11,46379.35,507058.01,0,4.4,15,0.256
1364,64,Bronce,Puerto Montt,Referido,No,No,12,13.58,3,18302.2,55276.56,0,2.1,66,0.25
1365,59,Plata,Concepción,Instagram,No,No,21,10.66,6,25782.47,153919.49,1,3.0,27,0.286
1366,41,Plata,Antofagasta,Google Ads,No,Sí,30,14.09,7,30942.01,213408.08,0,4.3,40,0.233
1367,56,Bronce,La Serena,Email,No,Sí,26,14.75,6,11098.45,59051.46,0,3.8,30,0.231
1368,31,Plata,La Serena,Instagram,No,No,26,18.04,5,30824.4,144225.95,0,4.7,37,0.192
1369,36,Plata,La Serena,Orgánico,No,Sí,31,21.24,5,33119.24,152565.8,0,4.0,45,0.161
1370,29,Bronce,Concepción,Google Ads,No,No,18,8.93,6,14045.23,74006.44,0,4.6,55,0.333
1371,45,Plata,Santiago,Instagram,No,No,28,20.26,6,26885.44,150664.12,1,3.5,13,0.214
1372,58,Bronce,Concepción,Orgánico,No,No,20,16.41,2,14918.26,9194.41,0,4.3,69,0.1
1373,48,Oro,Temuco,Email,Sí,No,32,28.29,9,54429.11,486265.51,1,4.5,1,0.281
1374,54,Bronce,Rancagua,Orgánico,No,Sí,20,13.3,7,28224.85,200999.18,0,3.4,38,0.35
1375,57,Bronce,Valparaíso,Google Ads,No,No,29,20.8,6,16771.79,92925.85,0,3.7,56,0.207
1376,66,Plata,Antofagasta,Google Ads,No,No,20,,6,18434.49,94247.53,1,4.6,21,0.3
1377,53,Oro,Concepción,Instagram,Sí,No,43,15.83,8,56706.35,440588.47,1,3.3,35,0.186
1378,46,Premium,Concepción,Email,No,No,23,9.97,4,39163.79,178555.25,0,2.7,27,0.174
1379,56,Plata,La Serena,Orgánico,Sí,Sí,37,24.03,9,42959.03,379450.56,0,5.0,0,0.243
1380,46,Bronce,Santiago,Instagram,No,Sí,22,15.97,3,14841.27,51300.95,1,3.8,22,0.136
1381,50,Bronce,Rancagua,Referido,Sí,No,37,24.6,7,32330.69,222429.98,0,4.4,16,0.189
1382,35,Plata,Puerto Montt,Email,No,No,40,32.18,10,28195.53,267496.66,2,3.2,31,0.25
1383,59,Bronce,Rancagua,Google Ads,No,No,17,18.2,6,18298.91,98921.85,0,2.8,81,0.353
1384,68,Bronce,Puerto Montt,Email,No,Sí,27,21.33,3,18555.07,59353.39,1,3.3,49,0.111
1385,32,Oro,Antofagasta,Referido,No,Sí,23,13.96,2,36975.23,56375.45,0,2.7,44,0.087
1386,24,Premium,Concepción,Orgánico,No,Sí,44,19.68,10,48111.68,467503.78,0,3.6,41,0.227
1387,50,Oro,Antofagasta,Instagram,Sí,Sí,43,28.13,8,59367.44,493865.45,1,4.7,0,0.186
1388,54,Oro,Santiago,Instagram,No,No,22,7.85,6,48934.53,279529.7,1,3.9,15,0.273
1389,59,Plata,Valparaíso,Google Ads,No,No,24,15.31,7,29529.83,216975.59,0,3.7,52,0.292
1390,21,Bronce,Puerto Montt,Orgánico,No,Sí,23,6.59,5,17376.96,71928.38,1,3.6,60,0.217
1391,58,Plata,Rancagua,Instagram,Sí,No,26,18.77,9,47919.93,432936.86,2,3.8,15,0.346
1392,44,Premium,La Serena,Referido,No,Sí,32,23.61,4,43186.16,167576.35,1,3.7,17,0.125
1393,70,Plata,Concepción,Email,No,No,26,8.49,8,30440.3,226798.47,1,4.2,43,0.308
1394,26,Plata,Valparaíso,Email,No,No,30,7.45,4,24063.01,97204.67,0,3.7,48,0.133
1395,48,Oro,Rancagua,Orgánico,No,No,31,15.15,6,20747.49,121305.53,0,4.5,32,0.194
1396,67,Plata,Concepción,Google Ads,No,No,25,13.19,6,31524.13,200547.98,1,3.7,42,0.24
1397,58,Premium,La Serena,Orgánico,No,No,39,18.6,8,46493.36,378443.57,0,,23,0.205
1398,56,Bronce,La Serena,Orgánico,No,No,15,7.33,5,19173.49,84460.71,1,4.4,42,0.333
1399,19,Bronce,Rancagua,Referido,No,Sí,14,21.9,4,7722.55,56963.27,0,3.6,35,0.286
1400,60,Plata,Concepción,Email,No,No,20,20.74,7,29426.97,205994.9,0,3.7,55,0.35
1401,34,Oro,Rancagua,Google Ads,Sí,No,39,26.99,10,55623.43,536784.6,0,4.3,8,0.256
1402,44,Plata,,Google Ads,No,Sí,25,20.06,5,34281.16,185310.14,0,3.3,62,0.2
1403,61,Plata,Temuco,Instagram,No,Sí,35,25.17,8,30392.86,241212.12,3,4.3,9,0.229
1404,60,Bronce,Concepción,Instagram,No,No,9,2.27,1,6768.55,0.0,0,4.2,61,0.111
1405,50,Plata,La Serena,Instagram,No,No,28,13.97,6,33913.25,206808.62,1,4.0,14,0.214
1406,43,Bronce,Temuco,Orgánico,No,No,6,5.26,2,17012.94,26795.8,0,3.1,62,0.333
1407,24,Bronce,Puerto Montt,Orgánico,No,No,8,3.28,2,9518.67,30584.18,0,2.9,74,0.25
1408,33,Oro,Concepción,Orgánico,No,Sí,28,10.15,4,43989.62,175335.91,0,4.0,55,0.143
1409,32,Oro,La Serena,Google Ads,Sí,Sí,42,26.63,9,54040.8,492040.9,1,3.9,13,0.214
1410,20,Oro,La Serena,Google Ads,No,Sí,32,17.97,6,31593.6,212176.47,0,3.0,25,0.188
1411,63,Premium,Antofagasta,EMAIL ,No,No,40,26.91,12,68876.31,803850.72,1,3.8,5,0.3
1412,41,Premium,Valparaíso,Instagram,Sí,Sí,51,28.95,12,51439.57,593375.04,0,4.6,0,0.235
1413,34,Plata,Antofagasta,Instagram,Sí,No,37,29.66,7,51158.22,355387.4,0,4.5,30,0.189
1414,47,Bronce,Concepción,Orgánico,Sí,No,38,24.07,6,17641.03,114044.37,0,4.4,26,0.158
1415,46,Premium,Temuco,Google Ads,No,Sí,39,25.95,8,53091.74,438183.53,0,3.9,56,0.205
1416,70,Premium,Temuco,Referido,Sí,No,47,31.31,9,55096.86,503742.29,2,4.4,9,0.191
1417,42,Plata,Antofagasta,Google Ads,No,No,23,,5,20573.27,101286.34,0,4.1,38,0.217
1418,23,Premium,Concepción,Orgánico,No,No,31,20.42,4,43053.03,169387.66,0,3.6,12,0.129
1419,43,Bronce,Valparaíso,Email,No,Sí,19,9.43,5,14052.11,83225.27,2,4.6,23,0.263
1420,63,Plata,Antofagasta,Instagram,Sí,No,34,18.98,7,32680.08,250417.94,2,4.4,0,0.206
1421,20,Premium,Puerto Montt,Orgánico,No,No,35,19.37,6,56548.69,340948.6,0,3.7,15,0.171
1422,55,Plata,Santiago,Email,No,No,25,18.95,6,25878.34,150829.41,0,3.3,67,0.24
1423,62,Oro,Temuco,Referido,No,No,28,11.57,4,32565.85,126234.02,0,2.7,51,0.143
1424,40,Plata,Rancagua,Email,No,No,27,12.78,4,35298.14,149636.43,0,3.8,24,0.148
1425,36,Bronce,Santiago,Email,No,Sí,19,14.73,6,10589.03,56424.97,0,4.3,42,0.316
1426,32,Premium,La Serena,Instagram,No,No,35,22.11,7,49310.97,337706.98,1,4.5,18,0.2
1427,35,Premium,Concepción,Instagram,No,No,33,21.72,5,41057.02,216530.45,0,4.7,7,0.152
1428,37,Oro,Temuco,Referido,Sí,No,30,19.34,7,53823.3,373056.15,0,4.8,17,0.233
1429,45,Bronce,Rancagua,Email,No,Sí,21,13.83,6,9754.69,44464.27,2,3.3,58,0.286
1430,45,Oro,La Serena,Email,No,Sí,37,19.47,8,48085.25,373364.72,0,4.7,23,0.216
1431,61,Oro,Antofagasta,Orgánico,No,No,26,19.83,5,35771.84,180151.71,0,3.7,43,0.192
1432,23,Bronce,Valparaíso,Google Ads,No,No,18,11.14,1,21788.92,28366.68,0,4.2,42,0.056
1433,31,Premium,Santiago,Email,No,No,33,13.63,2,41759.0,94208.76,1,4.1,36,0.061
1434,69,Premium,Antofagasta,Orgánico,No,No,33,19.73,6,36256.95,223847.62,2,3.7,17,0.182
1435,32,Bronce,Puerto Montt,Google Ads,No,Sí,22,15.66,5,31872.72,159990.07,0,2.6,49,0.227
1436,36,Bronce,Valparaíso,Google Ads,No,No,22,7.57,7,21726.66,158128.51,0,3.6,42,0.318
1437,50,Plata,Antofagasta,Instagram,No,No,20,10.88,4,30040.92,120767.39,0,2.4,60,0.2
1438,21,Bronce,Puerto Montt,Orgánico,No,No,18,6.13,2,19942.99,56912.37,0,3.9,43,0.111
1439,58,Bronce,Valparaíso,Orgánico,No,No,12,18.03,8,27962.64,212263.43,1,3.7,29,0.667
1440,24,Plata,Santiago,Instagram,No,Sí,31,24.21,6,29998.83,181423.66,0,3.3,41,0.194
1441,58,Bronce,Antofagasta,Google Ads,No,No,25,17.87,7,19546.5,129251.63,1,3.6,38,0.28
1442,42,Plata,Temuco,Orgánico,No,No,29,23.34,9,32920.93,296630.09,0,3.3,48,0.31
1443,61,Plata,Santiago,Google Ads,No,Sí,34,23.57,8,13983.29,114841.5,0,3.9,9,0.235
1444,33,Bronce,Concepción,Referido,No,No,16,7.01,0,22805.81,5017.74,0,3.7,55,0.0
1445,56,Plata,Valparaíso,Orgánico,No,No,20,13.75,4,9241.12,9576.71,2,3.8,8,0.2
1446,68,Bronce,Temuco,Orgánico,No,No,18,13.25,3,9165.05,26369.84,0,4.2,78,0.167
1447,29,Oro,La Serena,Google Ads,Sí,No,41,31.66,10,40368.56,416268.58,0,4.8,0,0.244
1448,37,Bronce,Concepción,Orgánico,Sí,Sí,26,21.37,4,33043.38,127008.02,3,2.9,65,0.154
1449,42,Plata,Valparaíso,Orgánico,Sí,Sí,32,19.57,9,36362.73,337620.91,2,4.6,12,0.281
1450,53,Bronce,Concepción,Instagram,Sí,No,37,16.79,6,41802.74,237079.45,0,3.9,34,0.162
1451,38,Plata,Santiago,Referido,No,No,35,12.31,5,22654.11,97227.14,1,3.8,52,0.143
1452,53,Bronce,Puerto Montt,Google Ads,No,Sí,15,13.44,1,21969.08,4341.11,0,3.5,59,0.067
1453,30,Oro,Santiago,Instagram,No,Sí,30,26.03,8,25324.76,178762.29,0,3.7,42,0.267
1454,32,Plata,santiago,Google Ads,No,Sí,24,14.38,7,29284.79,195718.03,0,4.3,16,0.292
1455,63,Plata,Santiago,Orgánico,No,Sí,25,13.55,5,38954.89,205498.75,1,4.1,25,0.2
1456,18,Bronce,Temuco,Referido,No,No,24,17.13,5,28063.91,112539.3,0,3.5,56,0.208
1457,40,Plata,Santiago,Orgánico,No,No,20,13.12,7,31960.55,239102.41,0,3.9,33,0.35
1458,40,Bronce,Antofagasta,Google Ads,No,Sí,22,18.39,2,19611.8,33102.69,0,3.7,62,0.091
1459,30,Bronce,Puerto Montt,Email,Sí,Sí,28,19.28,5,25751.73,109208.23,0,4.3,27,0.179
1460,25,Premium,Valparaíso,Orgánico,Sí,No,40,25.47,8,54352.83,423761.39,1,4.4,0,0.2
1461,48,Plata,La Serena,Google Ads,Sí,No,33,18.82,8,28880.11,221998.34,0,4.4,0,0.242
1462,46,Oro,Puerto Montt,Orgánico,No,No,33,13.72,5,39996.97,208329.02,0,3.8,29,0.152
1463,60,Plata,Valparaíso,Email,No,No,27,20.81,7,31747.78,195547.96,1,4.1,31,0.259
1464,54,Bronce,La Serena,Instagram,No,No,10,5.76,3,22946.64,92740.29,0,3.1,51,0.3
1465,54,Plata,Antofagasta,Email,No,No,22,18.16,10,8897.68,73409.6,2,,0,0.455
1466,59,Premium,Santiago,Instagram,No,No,41,34.3,9,45668.47,421152.8,1,5.0,0,0.22
1467,21,Plata,Concepción,Orgánico,No,Sí,19,19.44,6,14145.39,91392.42,1,3.0,43,0.316
1468,36,Bronce,Rancagua,Google Ads,Sí,No,27,16.78,7,39553.77,302201.35,0,4.6,1,0.259
1469,32,Premium,La Serena,Email,No,No,34,23.77,9,46966.8,435338.8,1,4.0,31,0.265
1470,62,Bronce,La Serena,Instagram,No,Sí,24,20.14,4,10713.03,51665.08,0,4.0,40,0.167
1471,66,Plata,Temuco,Google Ads,No,Sí,32,14.59,5,18709.07,98759.11,1,4.0,6,0.156
1472,60,Plata,Concepción,Google Ads,No,No,27,22.27,5,24159.31,133596.51,0,4.1,42,0.185
1473,57,Plata,Antofagasta,Email,No,Sí,15,7.02,3,32041.13,92875.98,1,4.7,34,0.2
1474,34,Bronce,Valparaíso,Google Ads,No,No,17,7.25,3,10788.47,48092.59,0,3.5,48,0.176
1475,38,Bronce,Antofagasta,Email,No,Sí,14,10.67,2,33486.47,73390.29,1,3.2,42,0.143
1476,41,Plata,Valparaíso,Google Ads,No,No,19,14.9,2,20075.29,31693.16,0,3.9,51,0.105
1477,29,Bronce,La Serena,Google Ads,No,No,25,14.85,2,21428.49,34586.31,0,3.8,55,0.08
1478,18,Bronce,Santiago,Email,Sí,Sí,38,17.39,9,37242.89,335275.58,2,4.3,0,0.237
1479,23,Bronce,Santiago,Google Ads,No,No,22,17.75,3,9557.44,13269.61,2,3.4,79,0.136
1480,29,Plata,Antofagasta,Orgánico,No,No,25,10.62,5,23899.39,119752.03,0,4.4,39,0.2
1481,28,Bronce,Concepción,Google Ads,No,No,7,17.03,3,16414.97,57943.65,1,3.4,35,0.429
1482,35,Plata,Santiago,Instagram,No,No,29,16.61,5,24345.2,135483.47,0,3.6,40,0.172
1483,35,Plata,Temuco,Orgánico,No,No,18,17.01,7,21594.28,157835.26,0,3.9,25,0.389
1484,29,Oro,Puerto Montt,Orgánico,Sí,No,43,32.98,9,41972.85,392587.48,0,4.5,2,0.209
1485,56,Bronce,Antofagasta,Orgánico,No,No,12,3.68,5,21884.98,111374.37,2,4.1,27,0.417
1486,56,Bronce,Temuco,Google Ads,Sí,Sí,14,12.51,6,42169.86,247023.21,1,4.3,38,0.429
1487,26,Oro,La Serena,Referido,No,No,36,24.47,10,20448.73,198584.08,1,4.1,0,0.278
1488,51,Bronce,Puerto Montt,Google Ads,No,No,21,12.75,4,20212.06,87699.93,0,3.1,43,0.19
1489,32,Bronce,Temuco,Email,No,No,12,5.44,2,14483.93,40865.78,1,2.4,46,0.167
1490,51,Bronce,Rancagua,Referido,No,No,18,14.44,1,22167.75,8865.18,0,3.7,60,0.056
1491,54,Plata,Valparaíso,Email,No,No,17,18.87,4,34885.63,133775.9,0,4.6,33,0.235
1492,25,Premium,Puerto Montt,Email,No,Sí,36,26.08,9,40606.97,394324.21,1,4.1,0,0.25
1493,36,Plata,Santiago,Orgánico,No,Sí,25,10.45,6,28540.2,177073.08,1,4.2,3,0.24
1494,29,Bronce,Santiago,Orgánico,No,No,15,22.49,6,27802.27,163819.62,2,3.3,60,0.4
1495,29,Plata,Rancagua,Referido,No,No,25,12.1,4,35929.44,128074.02,0,3.3,29,0.16
1496,44,Premium,Temuco,Email,No,No,36,21.77,8,40967.61,312810.22,0,4.8,0,0.222
1497,53,Premium,La Serena,Referido,No,No,35,24.94,7,50656.32,358656.89,1,,18,0.2
1498,70,Bronce,Rancagua,Referido,No,Sí,15,12.36,5,20510.21,119997.34,1,3.9,25,0.333
1499,37,Plata,Santiago,Google Ads,No,Sí,27,14.94,7,26592.47,168702.61,1,3.1,39,0.259
1500,62,Bronce,Temuco,Instagram,No,No,1,4.0,2,16968.39,45999.96,0,4.2,86,2.0
1501,34,Bronce,Temuco,Google Ads,No,Sí,28,4.91,5,10227.76,46545.17,0,3.7,39,0.179
1502,48,Oro,Concepción,Google Ads,Sí,Sí,39,29.54,11,48948.33,510065.69,0,3.8,19,0.282
1503,24,Premium,Puerto Montt,Instagram,No,No,44,24.53,9,50632.49,438174.75,0,4.5,22,0.205
1504,53,plata ,Temuco,Orgánico,No,No,5,,3,15508.34,62623.27,0,4.0,89,0.6
1505,20,Oro,Valparaíso,Referido,No,No,41,29.88,8,43867.98,351372.25,0,4.4,10,0.195
1506,47,Plata,La Serena,Google Ads,No,Sí,21,18.22,5,33866.9,165553.79,0,4.3,0,0.238
1507,51,Plata,Temuco,Google Ads,No,No,28,16.62,8,21198.42,177998.85,0,3.4,37,0.286
1508,50,Plata,Valparaíso,Instagram,Sí,No,35,22.14,9,41387.08,375345.63,0,3.8,24,0.257
1509,47,Oro,Rancagua,Email,No,Sí,26,10.19,6,33394.35,197586.22,1,4.5,38,0.231
1510,34,Oro,Puerto Montt,Referido,Sí,No,31,19.78,5,54103.8,274655.87,0,3.0,65,0.161
1511,32,Oro,Valparaíso,Email,No,No,21,17.54,3,32628.3,94213.81,0,3.7,31,0.143
1512,55,Bronce,Concepción,Instagram,No,Sí,16,14.77,4,25715.43,106459.28,0,4.0,46,0.25
1513,37,Plata,Temuco,Orgánico,No,Sí,27,13.6,6,30366.95,207380.23,0,3.7,7,0.222
1514,57,Plata,Santiago,Instagram,No,Sí,20,8.34,5,35041.84,170105.36,0,4.2,73,0.25
1515,21,Oro,Temuco,Instagram,No,Sí,15,10.91,4,29518.79,123704.94,0,3.8,38,0.267
1516,38,Bronce,La Serena,Orgánico,No,No,29,20.84,7,17272.49,117431.07,1,3.1,28,0.241
1517,32,Plata,Rancagua,Referido,No,No,23,15.08,7,23386.98,154484.52,1,3.7,9,0.304
1518,41,Bronce,Valparaíso,Google Ads,No,Sí,2,1.0,2,13372.27,20655.23,0,2.9,52,1.0
1519,70,Plata,Temuco,Email,No,No,19,7.6,2,35231.71,63337.46,0,3.8,70,0.105
1520,42,Bronce,Puerto Montt,Instagram,No,No,16,12.67,6,5854.67,19560.59,0,3.2,66,0.375
1521,38,Bronce,Santiago,Referido,Sí,Sí,32,27.65,9,26100.23,228015.81,0,3.9,6,0.281
1522,61,Bronce,Valparaíso,Referido,Sí,No,28,17.75,5,40810.25,179350.96,0,4.7,34,0.179
1523,32,Bronce,Temuco,Orgánico,No,Sí,25,22.32,5,21716.0,105230.79,0,3.8,52,0.2
1524,24,Oro,Rancagua,Google Ads,No,Sí,24,19.9,4,52281.8,211918.2,3,3.6,16,0.167
1525,60,Oro,Concepción,Instagram,Sí,Sí,33,23.28,6,53996.79,333738.6,0,4.7,19,0.182
1526,20,Bronce,Valparaíso,Instagram,No,No,21,13.78,4,14385.88,41952.05,1,3.1,56,0.19
1527,50,Bronce,Santiago,Referido,No,No,12,7.17,1,16961.9,4151.89,0,4.0,42,0.083
1528,53,Bronce,Antofagasta,Google Ads,No,No,21,6.92,5,14706.93,97604.83,1,3.9,20,0.238
1529,56,Bronce,Puerto Montt,Referido,No,No,25,24.45,7,9793.72,68894.36,0,3.9,41,0.28
1530,27,Bronce,Antofagasta,Orgánico,No,Sí,30,25.56,9,24436.71,210328.63,0,3.7,26,0.3
1531,43,Bronce,Puerto Montt,Google Ads,No,No,112,35.35,3,15518.85,213924.56,1,3.6,56,0.107
1532,38,Bronce,Santiago,Google Ads,Sí,Sí,19,22.07,6,26075.16,152753.21,0,4.4,55,0.316
1533,23,Plata,Puerto Montt,Orgánico,No,No,16,12.69,4,27127.26,108614.92,1,4.4,24,0.25
1534,66,Bronce,Rancagua,Google Ads,No,Sí,84,39.15,8,20423.98,643518.67,1,3.9,0,0.381
1535,69,Plata,Rancagua,Orgánico,No,No,27,13.32,6,24834.16,143031.7,0,4.4,24,0.222
1536,61,Bronce,Concepción,Orgánico,Sí,Sí,25,24.69,8,28888.45,232849.45,0,5.0,22,0.32
1537,41,Plata,Valparaíso,Orgánico,No,No,15,4.17,3,29228.1,96574.64,0,4.8,23,0.2
1538,36,Premium,Concepción,Referido,No,No,29,,6,47628.65,256871.95,0,3.9,0,0.207
1539,22,Plata,Santiago,Google Ads,No,No,22,11.61,5,37480.46,218244.12,0,3.1,57,0.227
1540,33,Plata,Temuco,Orgánico,Sí,No,26,14.83,5,51199.09,261671.37,0,5.0,0,0.192
1541,54,Oro,Antofagasta,Instagram,No,No,31,20.43,6,42603.01,251109.49,0,4.2,0,0.194
1542,39,Oro,Santiago,Referido,No,No,32,33.11,9,46204.03,399744.57,1,4.0,0,0.281
1543,34,Plata,Concepción,Orgánico,No,Sí,21,12.09,3,31689.44,68556.56,2,3.4,45,0.143
1544,66,Plata,La Serena,Referido,No,Sí,14,12.26,4,34309.91,130111.08,0,4.6,56,0.286
1545,49,Plata,Santiago,Email,No,No,22,14.61,7,34614.41,252774.04,0,3.5,42,0.318
1546,60,Plata,Temuco,Referido,Sí,No,33,24.85,7,39810.36,305059.4,0,4.2,39,0.212
1547,49,Bronce,Concepción,Email,Sí,No,27,17.41,9,36416.94,335026.71,0,4.6,0,0.333
1548,55,Bronce,Temuco,Orgánico,No,No,20,4.71,4,17738.32,69996.83,0,3.2,59,0.2
1549,30,Bronce,Concepción,Instagram,No,No,18,11.5,5,20181.3,85453.2,0,3.9,50,0.278
1550,50,Plata,La Serena,Email,Sí,No,33,23.83,10,34386.53,343708.04,2,3.7,33,0.303
1551,35,Premium,Valparaíso,Referido,No,No,26,12.33,6,54097.3,317795.3,1,4.0,0,0.231
1552,54,Plata,Temuco,Email,No,No,15,14.58,5,26707.84,134330.0,0,4.4,41,0.333
1553,64,Plata,Concepción,Orgánico,Sí,Sí,16,16.45,5,48919.69,232479.09,0,4.5,73,0.312
1554,35,Plata,Antofagasta,Instagram,Sí,No,28,20.36,8,44317.7,344511.49,0,4.2,39,0.286
1555,49,Plata,Rancagua,Referido,No,Sí,17,,7,31290.0,189322.03,0,4.2,9,0.412
1556,69,Premium,Concepción,Email,No,No,28,8.39,4,45673.82,161368.75,1,3.2,35,0.143
1557,48,Plata,La Serena,Orgánico,No,Sí,27,16.48,4,38060.25,158605.68,0,3.5,52,0.148
1558,56,Oro,Valparaíso,Referido,No,Sí,33,21.87,6,28225.83,152699.62,1,4.1,41,0.182
1559,42,Oro,Puerto Montt,Email,No,No,36,25.05,8,44672.91,346646.05,0,4.4,32,0.222
1560,31,Bronce,Santiago,Google Ads,No,No,8,9.35,1,14770.33,12875.44,0,2.7,96,0.125
1561,57,Oro,Antofagasta,Google Ads,No,No,31,13.57,9,42095.65,385932.6,0,4.8,13,0.29
1562,66,Bronce,Temuco,Email,No,Sí,17,11.96,5,9503.98,55537.51,1,3.6,49,0.294
1563,51,Premium,Valparaíso,Orgánico,Sí,Sí,40,20.76,13,58354.39,743670.53,1,4.3,4,0.325
1564,61,Bronce,Rancagua,Email,No,Sí,29,17.35,8,8827.46,59953.87,2,4.3,26,0.276
1565,62,Bronce,Concepción,Instagram,No,Sí,16,6.5,1,10972.47,0.0,0,4.1,50,0.062
1566,53,Oro,Puerto Montt,Orgánico,Sí,No,53,37.48,15,48910.83,736856.86,0,5.0,0,0.283
1567,61,Plata,Puerto Montt,Referido,No,No,12,15.01,5,36713.11,157218.75,0,4.0,62,0.417
1568,48,Plata,La Serena,Instagram,No,No,31,24.94,12,41135.51,493960.87,3,4.0,0,0.387
1569,62,Oro,Rancagua,Google Ads,No,No,26,21.03,7,24244.55,167851.54,1,3.4,33,0.269
1570,19,Plata,Concepción,Referido,No,Sí,22,21.17,7,20203.88,157944.28,0,3.5,35,0.318
1571,68,Oro,,Google Ads,No,No,25,14.18,6,26601.56,175575.16,1,2.7,66,0.24
1572,38,Premium,Temuco,Referido,No,Sí,30,17.79,8,49655.99,421920.51,1,5.0,0,0.267
1573,23,Plata,Valparaíso ,Referido,No,Sí,28,21.76,6,34552.86,205027.56,3,3.0,34,0.214
1574,44,Plata,La Serena,Email,No,No,23,12.11,4,33488.83,129340.38,0,4.7,14,0.174
1575,21,Plata,Concepción,Email,No,No,24,9.56,5,27528.65,141360.91,0,,52,0.208
1576,45,Bronce,La Serena,Google Ads,No,No,23,19.76,3,4360.83,0.0,0,3.7,74,0.13
1577,18,Premium,santiago,Google Ads,No,No,35,13.77,5,40258.47,199913.76,0,4.8,30,0.143
1578,63,Oro,Rancagua,Orgánico,No,No,37,24.39,11,34813.89,382896.64,0,4.6,0,0.297
1579,70,Plata,Concepción,Instagram,No,No,20,18.63,5,18632.36,95148.54,0,4.5,36,0.25
1580,48,Plata,Valparaíso,Referido,No,No,27,15.48,3,29131.44,105502.77,0,4.0,48,0.111
1581,28,Premium,Valparaíso,Orgánico,No,No,39,28.0,7,41444.59,290404.0,0,4.4,7,0.179
1582,52,Oro,Antofagasta,Referido,No,No,43,17.25,4,39413.03,161466.37,1,4.5,56,0.093
1583,53,Oro,La Serena,Google Ads,No,No,36,18.26,9,43474.64,374568.96,1,3.8,22,0.25
1584,48,Premium,Santiago,Email,No,No,30,29.89,7,46412.57,328022.75,0,3.9,41,0.233
1585,45,Plata,Concepción,Google Ads,Sí,No,38,30.28,10,50002.17,480290.23,0,4.3,5,0.263
1586,67,Oro,Rancagua,Orgánico,No,Sí,28,20.54,7,42386.99,313062.63,0,3.4,50,0.25
1587,25,Oro,Rancagua,Instagram,Sí,Sí,34,20.21,7,58576.61,396945.93,2,4.0,33,0.206
1588,47,Plata,Temuco,Referido,No,No,22,14.29,4,27492.46,119210.56,0,4.4,9,0.182
1589,39,Oro,Concepción,Referido,No,Sí,35,28.39,8,34693.36,285833.89,0,3.9,21,0.229
1590,57,Bronce,Antofagasta,Orgánico,Sí,No,27,19.28,5,29391.14,147434.01,0,3.6,28,0.185
1591,21,Bronce,Concepción,Instagram,Sí,Sí,24,16.12,5,52597.3,275582.77,1,4.2,24,0.208
1592,58,Oro,Antofagasta,Orgánico,No,No,43,28.45,8,33467.48,272500.07,1,4.0,3,0.186
1593,36,Plata,Santiago,Referido,No,No,26,17.84,5,23492.14,118452.8,2,3.2,33,0.192
1594,23,Premium,La Serena,Email,No,No,25,18.62,4,30383.53,129372.89,1,4.1,45,0.16
1595,19,Bronce,Concepción,Google Ads,No,No,17,13.84,3,16996.89,46580.62,0,4.1,36,0.176
1596,41,Oro,Antofagasta,Orgánico,No,No,35,25.18,8,34880.44,284715.94,1,4.6,0,0.229
1597,33,Oro,Puerto Montt,Referido,No,No,25,16.39,1,35565.47,38593.39,0,3.6,39,0.04
1598,20,Plata,Temuco,EMAIL ,No,No,32,20.41,2,21406.37,31779.87,0,3.7,57,0.062
1599,29,Plata,,Orgánico,No,No,18,4.32,1,19739.96,18883.1,0,4.4,49,0.056
1600,50,Plata,Rancagua,Email,Sí,Sí,31,24.46,9,41157.05,382800.7,0,5.0,0,0.29
1601,34,Bronce,Antofagasta,Email,No,No,19,10.99,4,21305.83,65362.4,1,3.8,47,0.211
1602,28,premium,La Serena,Referido,No,No,22,12.96,2,25930.88,37989.49,0,2.9,52,0.091
1603,65,Bronce,Antofagasta,Google Ads,No,No,19,2.18,0,23417.76,1696.29,0,3.8,61,0.0
1604,70,Plata,Puerto Montt,Referido,No,Sí,20,22.01,4,36177.35,154583.68,0,4.4,27,0.2
1605,62,Bronce,Santiago,Referido,No,No,21,12.56,1,14001.27,27405.67,0,3.2,35,0.048
1606,67,Oro,,Instagram,No,No,29,17.64,6,30951.65,183578.14,0,5.0,0,0.207
1607,42,Premium,,Google Ads,No,No,35,23.73,9,48464.07,432257.11,0,3.9,0,0.257
1608,48,Premium,La Serena,Google Ads,No,No,29,16.99,5,24562.83,114720.06,1,3.1,50,0.172
1609,49,Plata,Rancagua,Instagram,No,No,25,24.23,8,25568.17,185712.54,0,4.1,25,0.32
1610,49,Premium,Antofagasta,Orgánico,No,No,30,19.47,8,42801.48,350513.73,0,4.9,13,0.267
1611,47,Oro,Temuco,Orgánico,No,Sí,31,23.64,7,33240.65,212142.1,0,3.6,38,0.226
1612,50,Plata,Rancagua,Orgánico,No,Sí,25,6.68,3,30226.79,103894.03,0,3.9,43,0.12
1613,44,Bronce,Puerto Montt,Instagram,No,Sí,22,13.73,3,15852.91,48406.54,0,3.5,68,0.136
1614,51,Premium,Puerto Montt,Google Ads,No,Sí,32,23.56,9,41502.83,378800.23,4,3.3,3,0.281
1615,61,Bronce,Puerto Montt,Instagram,Sí,No,43,24.63,7,34766.21,240721.38,1,3.9,32,0.163
1616,25,Oro,Temuco,Email,No,Sí,37,16.47,7,43839.9,308745.18,1,3.6,51,0.189
1617,34,Bronce,Puerto Montt,Orgánico,No,No,19,16.33,5,17418.49,85422.14,0,3.3,48,0.263
1618,18,Premium,Santiago,Referido,No,Sí,32,18.53,6,45702.39,259900.92,1,4.0,47,0.188
1619,24,Bronce,,Orgánico,No,No,22,,6,26406.82,164593.6,1,3.5,38,0.273
1620,37,Oro,Concepción,Google Ads,No,No,25,17.59,3,45635.53,139331.59,0,4.3,22,0.12
1621,48,Oro,Temuco,Orgánico,No,No,20,17.09,5,42944.1,217741.65,1,3.6,20,0.25
1622,26,Plata,Temuco,Google Ads,Sí,No,41,17.83,8,30736.07,239480.32,1,4.2,19,0.195
1623,69,Bronce,Concepción,Orgánico,No,Sí,13,6.43,3,25410.62,76994.03,1,3.8,63,0.231
1624,20,Oro,Antofagasta,Instagram,No,No,32,15.23,5,33517.99,172660.32,0,3.5,54,0.156
1625,18,Premium,Puerto Montt,Email,No,No,43,30.08,8,51567.19,414249.49,1,4.0,11,0.186
1626,70,Oro,Antofagasta,Instagram,No,Sí,38,27.67,9,34998.13,325587.2,2,2.9,13,0.237
1627,51,Oro,Valparaíso,Google Ads,No,No,39,28.96,9,32025.41,275983.46,0,4.3,22,0.231
1628,36,Bronce,Antofagasta,Email,Sí,No,32,13.48,7,27251.35,183907.41,1,3.4,5,0.219
1629,55,Oro,Temuco,Email,No,Sí,27,15.05,5,53156.27,265322.96,1,4.7,27,0.185
1630,47,Bronce,La Serena,Orgánico,No,No,19,14.78,0,16969.55,0.0,0,4.3,44,0.0
1631,33,Plata,La Serena,Orgánico,No,No,21,11.45,5,31457.42,174542.41,2,3.3,38,0.238
1632,27,Bronce,Rancagua,Google Ads,No,Sí,20,11.92,5,20971.69,108208.76,1,4.5,16,0.25
1633,67,Plata,Santiago,Orgánico,Sí,No,41,24.65,10,51738.65,505362.61,0,5.0,0,0.244
1634,22,Oro,Antofagasta,Orgánico,No,No,27,18.24,5,31063.86,166523.66,0,4.1,59,0.185
1635,28,Oro,La Serena,Orgánico,No,No,22,18.88,4,40995.64,145670.87,1,3.3,31,0.182
1636,49,Oro,Temuco,Google Ads,No,Sí,29,14.48,6,45299.36,268534.9,0,4.2,38,0.207
1637,66,Oro,Valparaíso,Orgánico,No,Sí,33,20.93,6,41083.51,264717.89,1,3.8,42,0.182
1638,35,Plata,Rancagua,Email,Sí,No,33,23.74,9,41239.85,364320.07,1,4.0,18,0.273
1639,61,Plata,La Serena,Referido,No,No,29,20.92,7,16337.36,123058.71,0,3.6,31,0.241
1640,25,Premium,Valparaíso,Google Ads,No,Sí,50,25.09,8,43565.93,349633.67,0,4.7,24,0.16
1641,54,Oro,Antofagasta,Email,No,No,39,16.81,7,33905.66,238186.61,0,4.7,27,0.179
1642,31,Bronce,,Instagram,No,No,18,12.75,2,4000.0,3675.15,0,3.4,78,0.111
1643,29,Oro,La Serena,Email,Sí,No,136,67.85,10,41948.12,1787130.04,4,3.3,35,0.294
1644,45,Oro,Concepción,Email,Sí,Sí,34,26.07,11,42519.69,466564.22,1,4.9,0,0.324
1645,57,Bronce,La Serena,Orgánico,No,No,18,10.52,2,20178.97,24808.96,0,3.5,47,0.111
1646,58,Plata,La Serena,Orgánico,No,Sí,28,23.89,6,38444.35,243268.31,2,3.5,30,0.214
1647,41,Bronce,La Serena,Instagram,No,No,15,13.08,4,22939.5,105738.38,0,4.2,60,0.267
1648,37,Plata,Temuco,Email,Sí,Sí,37,36.11,12,18815.75,215326.25,1,4.3,9,0.324
1649,51,Plata,Rancagua,Orgánico,No,Sí,17,23.2,7,32368.37,218861.45,0,3.8,15,0.412
1650,42,Plata,Puerto Montt,Orgánico,No,Sí,20,7.87,4,40634.16,181888.91,2,4.4,44,0.2
1651,50,Premium,Concepción,Orgánico,No,No,33,21.25,5,51736.45,265259.22,0,3.7,9,0.152
1652,37,Premium,La Serena,Google Ads,No,No,36,30.99,6,44441.39,275025.11,1,3.7,22,0.167
1653,59,Oro,Antofagasta,Email,Sí,Sí,38,21.79,5,50821.57,247975.51,0,4.4,43,0.132
1654,50,Plata,Antofagasta,Instagram,No,Sí,13,12.78,3,36839.02,120062.83,0,4.1,34,0.231
1655,33,Oro,Concepción,Orgánico,Sí,Sí,39,23.32,7,53486.53,381512.7,0,4.6,23,0.179
1656,50,Plata,Valparaíso,Instagram,No,No,28,22.98,9,31223.79,292986.42,0,4.5,29,0.321
1657,56,Plata,Temuco,Email,Sí,Sí,31,21.81,8,47445.14,372742.08,1,4.5,13,0.258
1658,68,Oro,Temuco,Email,No,Sí,27,12.71,5,31343.66,163304.6,1,4.2,31,0.185
1659,54,Oro,Temuco,Email,Sí,Sí,37,25.19,11,50560.45,559447.13,1,4.4,0,0.297
1660,39,Oro,Puerto Montt,Email,Sí,No,49,30.41,11,53053.85,591159.11,2,4.7,0,0.224
1661,27,Plata,Valparaíso,Orgánico,No,No,17,8.76,3,26500.34,75854.18,0,4.2,33,0.176
1662,22,Oro,CONCEPCIÓN,Orgánico,No,Sí,31,19.75,8,35235.56,262749.26,3,2.5,58,0.258
1663,41,Bronce,La Serena,Referido,Sí,Sí,21,10.09,3,35865.15,91657.87,0,3.2,36,0.143
1664,68,ORO,Concepción,Orgánico,Sí,No,33,23.74,9,58363.61,547939.63,1,4.2,22,0.273
1665,19,Plata,Rancagua,Email,No,No,37,24.09,4,25916.28,98921.09,0,3.8,24,0.108
1666,46,Plata,Puerto Montt,Instagram,Sí,Sí,40,36.58,12,50203.96,612215.28,1,4.2,0,0.3
1667,57,Bronce,Concepción,Google Ads,No,No,17,8.81,2,4000.0,0.0,0,,51,0.118
1668,41,Bronce,Valparaíso,Instagram,No,No,19,13.17,3,24590.21,73999.67,0,3.2,29,0.158
1669,48,Bronce,Concepción,Instagram,No,No,15,12.8,3,13903.62,41616.99,0,4.6,42,0.2
1670,63,Plata,Concepción,Orgánico,No,No,28,24.48,5,20133.55,87235.55,1,3.6,36,0.179
1671,59,Oro,Santiago,Google Ads,No,No,30,15.45,2,29291.71,61235.65,0,4.2,12,0.067
1672,30,Oro,Antofagasta,Referido,No,No,23,22.2,7,36424.36,270541.37,3,3.3,34,0.304
1673,65,Oro,Temuco,Orgánico,No,No,33,20.57,5,39892.18,207797.27,0,,17,0.152
1674,64,Oro,Rancagua,Instagram,Sí,No,39,26.71,11,55831.44,620629.73,0,4.6,10,0.282
1675,46,Bronce,Antofagasta,Instagram,Sí,No,10,14.23,5,34846.96,163244.62,0,4.8,1,0.5
1676,42,Bronce,Puerto Montt,Instagram,No,No,28,32.02,6,18625.72,471226.64,0,3.8,15,0.857
1677,25,Bronce,Temuco,Orgánico,No,Sí,17,19.34,5,21939.67,99242.54,0,3.9,64,0.294
1678,35,Plata,Antofagasta,Instagram,No,Sí,22,16.75,5,32480.47,169453.61,0,3.9,20,0.227
1679,49,Premium,Santiago,Orgánico,No,No,40,22.43,7,44069.18,294542.86,0,4.5,0,0.175
1680,40,Plata,Valparaíso,organico,No,No,21,10.82,4,18006.64,67191.13,0,4.2,29,0.19
1681,47,Premium,Concepción,Google Ads,No,No,35,20.96,7,51829.29,381496.7,3,3.6,9,0.2
1682,19,Bronce,Valparaíso,Referido,Sí,Sí,25,21.04,8,26439.99,206256.21,0,4.8,26,0.32
1683,46,Oro,Santiago,Google Ads,No,No,34,18.56,7,32876.23,242713.86,0,3.6,35,0.206
1684,54,Plata,Temuco,Instagram,No,No,28,20.27,5,19127.84,110127.93,2,4.3,46,0.179
1685,64,Plata,Puerto Montt,Referido,No,No,4,14.75,2,27321.64,45006.47,0,4.0,61,0.5
1686,30,Bronce,Santiago,Instagram,No,No,21,19.82,6,7285.59,38982.79,2,3.2,52,0.286
1687,20,Bronce,Concepción,Google Ads,No,No,17,16.46,5,20535.36,102100.66,0,4.2,55,0.294
1688,69,Plata,Rancagua,Referido,Sí,Sí,23,27.11,11,41880.63,479983.75,0,4.6,18,0.478
1689,68,Bronce,Santiago,Orgánico,No,Sí,30,15.02,4,11061.84,56591.08,0,3.8,39,0.133
1690,48,Bronce,Antofagasta,Referido,No,No,26,11.96,5,25989.4,120410.32,0,3.5,22,0.192
1691,30,Bronce,Rancagua,Referido,No,Sí,17,6.96,4,18908.84,77496.25,0,3.9,42,0.235
1692,60,Oro,Concepción,Google Ads,No,No,23,,4,25085.49,107324.87,0,2.6,54,0.174
1693,55,Plata,Antofagasta,Google Ads,No,No,25,13.43,3,26166.39,63961.48,0,4.6,61,0.12
1694,27,Oro,Rancagua,Referido,No,Sí,21,6.67,3,43052.04,131696.85,0,4.5,21,0.143
1695,48,Oro,Concepción,Google Ads,No,No,34,20.86,7,32330.88,231418.55,1,4.6,0,0.206
1696,44,Plata,Rancagua,Referido,No,No,19,16.61,6,33207.91,190921.32,0,4.1,58,0.316
1697,68,Plata,La Serena,Instagram,No,Sí,26,19.71,2,40095.04,100233.81,0,4.2,47,0.077
1698,70,Premium,La Serena,Instagram,Sí,Sí,35,16.64,8,70422.67,568859.98,3,3.6,0,0.229
1699,65,Bronce,Valparaíso,Google Ads,No,Sí,16,16.93,2,17635.99,24418.04,0,3.9,36,0.125
1700,64,Plata,Puerto Montt,Instagram,No,Sí,16,16.27,5,22882.72,114098.92,0,3.9,23,0.312
1701,41,Bronce,Concepción,Orgánico,No,No,17,15.62,4,12369.46,60986.36,0,4.2,32,0.235
1702,69,Bronce,Rancagua,Instagram,No,No,11,16.5,3,14956.33,55179.91,0,3.1,43,0.273
1703,69,Oro,Valparaíso,Email,No,No,30,16.52,10,45556.76,461622.96,0,4.7,0,0.333
1704,64,Oro,Concepción,Orgánico,Sí,Sí,46,23.85,10,49509.37,500568.99,2,4.4,2,0.217
1705,66,Oro,Antofagasta,Google Ads,No,Sí,36,19.51,6,35784.36,217953.98,1,4.4,0,0.167
1706,47,Premium,Valparaíso,Instagram,No,No,32,12.15,6,42792.3,263042.02,0,4.9,38,0.188
1707,19,Plata,Antofagasta,Referido,No,No,29,12.63,5,24172.82,114482.73,0,4.1,40,0.172
1708,64,Oro,Concepción,Instagram,No,No,36,21.57,8,39933.85,313755.02,0,3.6,29,0.222
1709,30,Plata,Antofagasta,Instagram,Sí,No,33,20.28,3,32320.96,108896.19,0,4.8,46,0.091
1710,19,Bronce,Puerto Montt,Instagram,No,No,24,13.22,6,19411.74,106747.84,0,3.5,34,0.25
1711,62,Bronce,Temuco,Instagram,No,No,11,7.02,6,14563.77,86791.53,0,3.6,54,0.545
1712,39,Premium,Concepción,Instagram,No,No,42,21.41,9,62793.46,567780.8,1,4.4,3,0.214
1713,48,Plata,Antofagasta,Instagram,No,Sí,24,,4,36332.71,123591.54,0,2.6,59,0.167
1714,30,Plata,Puerto Montt,Google Ads,No,No,19,12.49,4,15777.08,44785.2,1,3.1,71,0.211
1715,42,Plata,Temuco,Referido,No,Sí,25,19.39,6,37477.99,204837.45,0,3.4,21,0.24
1716,65,Bronce,Temuco,Instagram,No,Sí,19,9.79,5,15177.64,70277.16,1,2.7,47,0.263
1717,53,Plata,La Serena,Orgánico,Sí,Sí,26,15.7,5,37530.89,210442.07,0,4.2,10,0.192
1718,45,Premium,Rancagua,Google Ads,No,Sí,38,17.99,6,48446.57,291410.45,1,3.9,0,0.158
1719,42,Premium,Puerto Montt,Email,No,No,34,19.0,4,46263.23,184797.31,0,3.9,47,0.118
1720,54,Oro,La Serena,Email,No,No,27,26.84,4,38236.75,151031.73,0,4.3,23,0.148
1721,55,Bronce,Antofagasta,Orgánico,No,No,27,27.81,8,22308.22,180096.34,1,3.8,21,0.296
1722,59,Bronce,Rancagua,Instagram,No,No,13,11.82,1,19249.99,24193.8,0,3.5,78,0.077
1723,50,Bronce,Temuco,Google Ads,Sí,No,38,31.15,12,23895.14,296045.67,0,4.4,0,0.316
1724,48,Bronce,Valparaíso,Google Ads,No,No,22,11.8,1,13574.93,1533.71,0,3.5,89,0.045
1725,62,Oro,Concepción,Google Ads,No,No,34,28.58,8,37260.75,305900.22,1,3.8,23,0.235
1726,50,Bronce,Valparaíso,Referido,Sí,No,20,2.48,4,35577.94,164827.01,0,4.2,48,0.2
1727,66,Premium,Temuco,Orgánico,No,No,37,32.74,7,46020.38,307195.95,1,3.2,54,0.189
1728,41,Premium,La Serena,Google Ads,No,Sí,31,21.48,8,37078.99,302536.32,1,2.5,56,0.258
1729,67,Bronce,Temuco,Google Ads,No,No,10,5.73,1,8421.06,0.0,0,4.1,62,0.1
1730,30,Premium,Valparaíso,Google Ads,No,No,33,15.89,6,39913.47,245920.49,0,4.1,36,0.182
1731,66,Oro,Antofagasta,Orgánico,No,Sí,27,10.68,6,37693.01,229443.43,0,4.1,19,0.222
1732,59,Plata,Temuco,Google Ads,No,No,25,10.57,5,15031.85,78601.17,0,3.8,68,0.2
1733,58,Bronce,Concepción,Orgánico,No,Sí,16,15.09,4,17927.07,86801.58,0,4.9,7,0.25
1734,69,Bronce,Valparaíso,Referido,No,No,16,15.08,4,4000.0,5684.91,0,4.2,42,0.25
1735,53,Plata,Santiago,Email,No,No,15,11.01,5,33117.94,151304.03,1,3.7,39,0.333
1736,54,Oro,Valparaíso,Instagram,No,Sí,26,26.4,8,31145.57,256416.69,0,3.9,17,0.308
1737,58,Plata,Temuco,Google Ads,No,No,29,16.8,7,29338.79,183417.15,0,3.6,53,0.241
1738,59,Bronce,Rancagua,Email,Sí,No,28,24.26,5,39459.21,214618.73,1,3.8,41,0.179
1739,62,Bronce,Valparaíso,Email,No,No,15,19.64,3,6130.43,14388.87,0,3.9,56,0.2
1740,61,Bronce,Santiago,Orgánico,No,No,31,12.63,5,28516.63,116995.75,0,4.3,55,0.161
1741,44,Bronce,Concepción,Orgánico,No,No,13,15.61,3,20203.5,75475.51,1,4.3,12,0.231
1742,41,Premium,Puerto Montt,Orgánico,No,No,41,25.53,12,33825.67,399265.93,0,4.9,0,0.293
1743,50,Premium,Valparaíso,Instagram,No,Sí,37,21.78,10,40142.54,391631.08,2,3.5,0,0.27
1744,42,Plata,La Serena,Instagram,Sí,No,28,20.65,7,46112.26,310201.62,2,3.5,42,0.25
1745,21,Plata,La Serena,Orgánico,Sí,Sí,37,30.11,10,61391.43,606959.13,3,3.4,0,0.27
1746,48,Oro,Temuco,Instagram,Sí,Sí,38,34.21,10,46313.13,459191.59,0,4.5,1,0.263
1747,54,Bronce,Santiago,Instagram,No,Sí,17,18.78,5,24126.58,114085.88,0,4.7,18,0.294
1748,60,Bronce,La Serena,Orgánico,No,No,23,22.64,8,9547.34,69673.37,1,3.7,32,0.348
1749,42,Premium,Puerto Montt,Google Ads,No,Sí,34,9.87,4,49087.55,192827.89,0,4.6,37,0.118
1750,51,Plata,Antofagasta,Instagram,No,Sí,24,17.75,2,31517.41,63193.58,0,3.8,28,0.083
